ra,dec,mask_radius_px,Vmag
279.23410832,38.78299311,351,8.432000160217285
79.17206517,45.99902927,457,9.222000122070312
